{
  "hash": "a34b1bf2",
  "configHash": "1ac9e3b0",
  "lockfileHash": "2cdcfff3",
  "browserHash": "edc4acb7",
  "optimized": {
    "@angular/common": {
      "src": "../../../../../../node_modules/@angular/common/fesm2022/common.mjs",
      "file": "@angular_common.js",
      "fileHash": "a9d535ae",
      "needsInterop": false
    },
    "@angular/common/http": {
      "src": "../../../../../../node_modules/@angular/common/fesm2022/http.mjs",
      "file": "@angular_common_http.js",
      "fileHash": "6242c86f",
      "needsInterop": false
    },
    "@angular/core": {
      "src": "../../../../../../node_modules/@angular/core/fesm2022/core.mjs",
      "file": "@angular_core.js",
      "fileHash": "7faa0543",
      "needsInterop": false
    },
    "@angular/forms": {
      "src": "../../../../../../node_modules/@angular/forms/fesm2022/forms.mjs",
      "file": "@angular_forms.js",
      "fileHash": "1c950660",
      "needsInterop": false
    },
    "@angular/platform-browser": {
      "src": "../../../../../../node_modules/@angular/platform-browser/fesm2022/platform-browser.mjs",
      "file": "@angular_platform-browser.js",
      "fileHash": "64e9f09e",
      "needsInterop": false
    },
    "@angular/router": {
      "src": "../../../../../../node_modules/@angular/router/fesm2022/router.mjs",
      "file": "@angular_router.js",
      "fileHash": "e76b34d6",
      "needsInterop": false
    },
    "@emailjs/browser": {
      "src": "../../../../../../node_modules/@emailjs/browser/es/index.js",
      "file": "@emailjs_browser.js",
      "fileHash": "5c5f63d5",
      "needsInterop": false
    },
    "rxjs/operators": {
      "src": "../../../../../../node_modules/rxjs/dist/esm5/operators/index.js",
      "file": "rxjs_operators.js",
      "fileHash": "3365cb43",
      "needsInterop": false
    }
  },
  "chunks": {
    "chunk-2TDHELM2": {
      "file": "chunk-2TDHELM2.js"
    },
    "chunk-PTWPDGRE": {
      "file": "chunk-PTWPDGRE.js"
    },
    "chunk-7HZTA4GM": {
      "file": "chunk-7HZTA4GM.js"
    },
    "chunk-QKMV7EO6": {
      "file": "chunk-QKMV7EO6.js"
    },
    "chunk-EWHU56JM": {
      "file": "chunk-EWHU56JM.js"
    },
    "chunk-WDMUDEB6": {
      "file": "chunk-WDMUDEB6.js"
    }
  }
}